{"textures":{"0":"modelengine:entity/samurai","particle":"#0"},"elements":[{"from":[6.75031,1.4049101,9.30518],"to":[9.25071,7.9053097,10.30558],"faces":{"east":{"uv":[3.0,7.0,3.125,7.8125],"tintindex":0,"rotation":0,"texture":"#0"},"south":{"uv":[3.25,5.25,3.5625,6.0625],"tintindex":0,"rotation":0,"texture":"#0"},"north":{"uv":[5.25,2.5,5.5625,3.3125],"tintindex":0,"rotation":0,"texture":"#0"},"west":{"uv":[3.125,7.0,3.25,7.8125],"tintindex":0,"rotation":0,"texture":"#0"},"up":{"uv":[6.5625,7.875,6.25,7.75],"tintindex":0,"rotation":0,"texture":"#0"},"down":{"uv":[6.9375,7.75,6.625,7.875],"tintindex":0,"rotation":0,"texture":"#0"}},"rotation":{"origin":[1.5327702,9.33369,10.30518],"angle":22.5,"axis":"x"}},{"from":[6.74961,2.09519,7.26871],"to":[9.25005,4.0956297,8.76915],"faces":{"east":{"uv":[6.25,7.5,6.4375,7.75],"tintindex":0,"rotation":0,"texture":"#0"},"south":{"uv":[7.375,5.25,7.6875,5.5],"tintindex":0,"rotation":0,"texture":"#0"},"north":{"uv":[4.625,2.0,4.9375,2.25],"tintindex":0,"rotation":0,"texture":"#0"},"west":{"uv":[2.625,7.625,2.8125,7.875],"tintindex":0,"rotation":0,"texture":"#0"},"up":{"uv":[6.1875,7.6875,5.875,7.5],"tintindex":0,"rotation":0,"texture":"#0"},"down":{"uv":[7.3125,7.5,7.0,7.6875],"tintindex":0,"rotation":0,"texture":"#0"}}},{"from":[6.75001,1.5962496,5.6380405],"to":[9.25043,8.09667,6.63846],"faces":{"east":{"uv":[3.25,7.0,3.375,7.8125],"tintindex":0,"rotation":0,"texture":"#0"},"south":{"uv":[3.625,5.25,3.9375,6.0625],"tintindex":0,"rotation":0,"texture":"#0"},"north":{"uv":[5.25,3.375,5.5625,4.1875],"tintindex":0,"rotation":0,"texture":"#0"},"west":{"uv":[3.375,7.0,3.5,7.8125],"tintindex":0,"rotation":0,"texture":"#0"},"up":{"uv":[8.0625,6.875,7.75,6.75],"tintindex":0,"rotation":0,"texture":"#0"},"down":{"uv":[8.0625,6.875,7.75,7.0],"tintindex":0,"rotation":0,"texture":"#0"}},"rotation":{"origin":[1.5321198,9.52503,6.1380405],"angle":-22.5,"axis":"x"}}],"display":{"gui":{"rotation":[-150.0,-45.0,180.0]}}}