{"textures":{"0":"modelengine:entity/samurai","particle":"#0"},"elements":[{"from":[6.75027,1.4049101,5.69482],"to":[9.25055,7.9051895,6.6951],"faces":{"east":{"uv":[1.5,6.875,1.625,7.6875],"tintindex":0,"rotation":0,"texture":"#0"},"south":{"uv":[4.875,5.0,5.1875,5.8125],"tintindex":0,"rotation":0,"texture":"#0"},"north":{"uv":[4.5,5.0,4.8125,5.8125],"tintindex":0,"rotation":0,"texture":"#0"},"west":{"uv":[6.875,6.75,7.0,7.5625],"tintindex":0,"rotation":0,"texture":"#0"},"up":{"uv":[8.0625,4.5,7.75,4.375],"tintindex":0,"rotation":0,"texture":"#0"},"down":{"uv":[8.0625,4.5,7.75,4.625],"tintindex":0,"rotation":0,"texture":"#0"}},"rotation":{"origin":[1.5327702,9.33369,5.69482],"angle":-22.5,"axis":"x"}},{"from":[6.74981,1.5962496,9.361959],"to":[9.24981,8.09625,10.361959],"faces":{"east":{"uv":[0.375,7.0,0.5,7.8125],"tintindex":0,"rotation":0,"texture":"#0"},"south":{"uv":[0.875,5.125,1.1875,5.9375],"tintindex":0,"rotation":0,"texture":"#0"},"north":{"uv":[0.5,5.125,0.8125,5.9375],"tintindex":0,"rotation":0,"texture":"#0"},"west":{"uv":[0.5,7.0,0.625,7.8125],"tintindex":0,"rotation":0,"texture":"#0"},"up":{"uv":[4.9375,7.875,4.625,7.75],"tintindex":0,"rotation":0,"texture":"#0"},"down":{"uv":[8.0625,4.625,7.75,4.75],"tintindex":0,"rotation":0,"texture":"#0"}},"rotation":{"origin":[1.5321198,9.52503,9.861959],"angle":22.5,"axis":"x"}},{"from":[6.74931,2.09519,7.23129],"to":[9.24963,4.09551,8.73161],"faces":{"east":{"uv":[7.125,2.0,7.3125,2.25],"tintindex":0,"rotation":0,"texture":"#0"},"south":{"uv":[1.875,4.25,2.1875,4.5],"tintindex":0,"rotation":0,"texture":"#0"},"north":{"uv":[3.125,1.25,3.4375,1.5],"tintindex":0,"rotation":0,"texture":"#0"},"west":{"uv":[5.0,7.5,5.1875,7.75],"tintindex":0,"rotation":0,"texture":"#0"},"up":{"uv":[4.9375,7.6875,4.625,7.5],"tintindex":0,"rotation":0,"texture":"#0"},"down":{"uv":[7.8125,4.75,7.5,4.9375],"tintindex":0,"rotation":0,"texture":"#0"}}}],"display":{"gui":{"rotation":[-150.0,-45.0,180.0]}}}