{"textures":{"0":"modelengine:entity/samurai","particle":"#0"},"elements":[{"from":[4.57271,9.88311,11.99808],"to":[11.07271,15.88311,13.49808],"faces":{"east":{"uv":[0.75,6.625,0.9375,7.375],"tintindex":0,"rotation":0,"texture":"#0"},"south":{"uv":[0.625,2.375,1.4375,3.125],"tintindex":0,"rotation":0,"texture":"#0"},"north":{"uv":[2.25,0.75,3.0625,1.5],"tintindex":0,"rotation":0,"texture":"#0"},"west":{"uv":[1.0,6.625,1.1875,7.375],"tintindex":0,"rotation":0,"texture":"#0"},"up":{"uv":[6.0625,6.4375,5.25,6.25],"tintindex":0,"rotation":0,"texture":"#0"},"down":{"uv":[6.9375,6.25,6.125,6.4375],"tintindex":0,"rotation":0,"texture":"#0"}},"rotation":{"origin":[7.94771,10.63311,14.48807],"angle":-22.5,"axis":"x"}},{"from":[4.57271,9.88311,2.5661402],"to":[11.07271,15.88311,4.06614],"faces":{"east":{"uv":[1.625,6.625,1.8125,7.375],"tintindex":0,"rotation":0,"texture":"#0"},"south":{"uv":[2.625,0.0,3.4375,0.75],"tintindex":0,"rotation":0,"texture":"#0"},"north":{"uv":[2.375,2.25,3.1875,3.0],"tintindex":0,"rotation":0,"texture":"#0"},"west":{"uv":[1.875,6.625,2.0625,7.375],"tintindex":0,"rotation":0,"texture":"#0"},"up":{"uv":[1.1875,6.5625,0.375,6.375],"tintindex":0,"rotation":0,"texture":"#0"},"down":{"uv":[7.1875,3.25,6.375,3.4375],"tintindex":0,"rotation":0,"texture":"#0"}},"rotation":{"origin":[7.94771,10.63311,1.5761504],"angle":22.5,"axis":"x"}},{"from":[9.82271,13.259998,3.83181],"to":[10.82271,13.759998,5.83181],"faces":{"east":{"uv":[8.0,1.125,8.25,1.1875],"tintindex":0,"rotation":0,"texture":"#0"},"south":{"uv":[7.875,7.625,8.3125,7.6875],"tintindex":0,"rotation":0,"texture":"#0"},"north":{"uv":[7.5,7.875,7.9375,7.9375],"tintindex":0,"rotation":0,"texture":"#0"},"west":{"uv":[8.0,1.25,8.25,1.3125],"tintindex":0,"rotation":0,"texture":"#0"},"up":{"uv":[7.3125,0.375,6.875,0.125],"tintindex":0,"rotation":0,"texture":"#0"},"down":{"uv":[7.3125,2.25,6.875,2.5],"tintindex":0,"rotation":0,"texture":"#0"}},"rotation":{"origin":[9.94771,9.009998,1.0718102],"angle":22.5,"axis":"x"}},{"from":[2.51271,9.88311,4.45115],"to":[4.01271,15.88311,11.45115],"faces":{"east":{"uv":[1.75,0.0,2.625,0.75],"tintindex":0,"rotation":0,"texture":"#0"},"south":{"uv":[2.375,6.625,2.5625,7.375],"tintindex":0,"rotation":0,"texture":"#0"},"north":{"uv":[2.125,6.625,2.3125,7.375],"tintindex":0,"rotation":0,"texture":"#0"},"west":{"uv":[1.75,1.5,2.625,2.25],"tintindex":0,"rotation":0,"texture":"#0"},"up":{"uv":[6.3125,4.125,6.125,3.25],"tintindex":0,"rotation":0,"texture":"#0"},"down":{"uv":[3.9375,6.125,3.75,7.0],"tintindex":0,"rotation":0,"texture":"#0"}},"rotation":{"origin":[1.5227098,10.63311,7.82615],"angle":-22.5,"axis":"z"}},{"from":[9.82271,13.259998,10.23241],"to":[10.82271,13.759998,12.23241],"faces":{"east":{"uv":[8.0,1.625,8.25,1.6875],"tintindex":0,"rotation":0,"texture":"#0"},"south":{"uv":[8.0,0.125,8.4375,0.1875],"tintindex":0,"rotation":0,"texture":"#0"},"north":{"uv":[0.0,8.0,0.4375,8.0625],"tintindex":0,"rotation":0,"texture":"#0"},"west":{"uv":[8.0,1.75,8.25,1.8125],"tintindex":0,"rotation":0,"texture":"#0"},"up":{"uv":[7.3125,5.5,6.875,5.25],"tintindex":0,"rotation":0,"texture":"#0"},"down":{"uv":[6.5625,6.875,6.125,7.125],"tintindex":0,"rotation":0,"texture":"#0"}},"rotation":{"origin":[9.94771,9.009998,14.992411],"angle":-22.5,"axis":"x"}},{"from":[5.32271,8.509998,4.58181],"to":[10.32383,14.26112,11.08293],"faces":{"east":{"uv":[2.625,1.5,3.4375,2.21875],"tintindex":0,"rotation":0,"texture":"#0"},"south":{"uv":[3.875,2.25,4.5,2.96875],"tintindex":0,"rotation":0,"texture":"#0"},"north":{"uv":[2.25,3.75,2.875,4.46875],"tintindex":0,"rotation":0,"texture":"#0"},"west":{"uv":[2.375,3.0,3.1875,3.71875],"tintindex":0,"rotation":0,"texture":"#0"},"up":{"uv":[2.25,4.1875,1.625,3.375],"tintindex":0,"rotation":0,"texture":"#0"},"down":{"uv":[0.625,3.5,0.0,4.3125],"tintindex":0,"rotation":0,"texture":"#0"}}},{"from":[4.57241,14.509998,4.58181],"to":[11.072411,15.509998,11.58181],"faces":{"east":{"uv":[6.75,3.875,7.625,4.0],"tintindex":0,"rotation":0,"texture":"#0"},"south":{"uv":[6.875,5.5,7.6875,5.625],"tintindex":0,"rotation":0,"texture":"#0"},"north":{"uv":[6.875,2.5,7.6875,2.625],"tintindex":0,"rotation":0,"texture":"#0"},"west":{"uv":[6.875,0.0,7.75,0.125],"tintindex":0,"rotation":0,"texture":"#0"},"up":{"uv":[0.8125,2.375,0.0,1.5],"tintindex":0,"rotation":0,"texture":"#0"},"down":{"uv":[1.6875,1.5,0.875,2.375],"tintindex":0,"rotation":0,"texture":"#0"}}},{"from":[10.572411,13.509998,5.58181],"to":[12.07361,14.5112,10.58301],"faces":{"east":{"uv":[7.375,0.25,8.0,0.375],"tintindex":0,"rotation":0,"texture":"#0"},"south":{"uv":[8.0,1.0,8.1875,1.125],"tintindex":0,"rotation":0,"texture":"#0"},"north":{"uv":[0.75,8.0,0.9375,8.125],"tintindex":0,"rotation":0,"texture":"#0"},"west":{"uv":[7.375,5.625,8.0,5.75],"tintindex":0,"rotation":0,"texture":"#0"},"up":{"uv":[6.9375,6.25,6.75,5.625],"tintindex":0,"rotation":0,"texture":"#0"},"down":{"uv":[6.8125,6.75,6.625,7.375],"tintindex":0,"rotation":0,"texture":"#0"}}}],"display":{"gui":{"rotation":[-150.0,-45.0,180.0]}}}