{"textures":{"0":"modelengine:entity/samurai","particle":"#0"},"elements":[{"from":[7.17114,6.6625,6.8702602],"to":[9.6714,7.66276,9.37052],"faces":{"east":{"uv":[7.75,4.0,8.0625,4.125],"tintindex":0,"rotation":0,"texture":"#0"},"south":{"uv":[7.75,4.125,8.0625,4.25],"tintindex":0,"rotation":0,"texture":"#0"},"north":{"uv":[7.75,3.625,8.0625,3.75],"tintindex":0,"rotation":0,"texture":"#0"},"west":{"uv":[7.75,4.25,8.0625,4.375],"tintindex":0,"rotation":0,"texture":"#0"},"up":{"uv":[4.0625,7.3125,3.75,7.0],"tintindex":0,"rotation":0,"texture":"#0"},"down":{"uv":[5.5625,7.0,5.25,7.3125],"tintindex":0,"rotation":0,"texture":"#0"}}},{"from":[9.35639,5.6625,9.0280695],"to":[9.60649,6.9126,10.52817],"faces":{"east":{"uv":[4.375,7.875,4.5625,8.03125],"tintindex":0,"rotation":0,"texture":"#0"},"south":{"uv":[5.625,8.125,5.65625,8.28125],"tintindex":0,"rotation":0,"texture":"#0"},"north":{"uv":[5.375,8.125,5.40625,8.28125],"tintindex":0,"rotation":0,"texture":"#0"},"west":{"uv":[4.625,7.875,4.8125,8.03125],"tintindex":0,"rotation":0,"texture":"#0"},"up":{"uv":[8.15625,2.9375,8.125,2.75],"tintindex":0,"rotation":0,"texture":"#0"},"down":{"uv":[2.90625,8.125,2.875,8.3125],"tintindex":0,"rotation":0,"texture":"#0"}},"rotation":{"origin":[3.4545002,7.0375,5.26249],"angle":22.5,"axis":"y"}},{"from":[11.22735,5.6625,4.64592],"to":[11.47741,6.91256,6.89598],"faces":{"east":{"uv":[7.75,2.625,8.03125,2.78125],"tintindex":0,"rotation":0,"texture":"#0"},"south":{"uv":[8.125,5.25,8.15625,5.40625],"tintindex":0,"rotation":0,"texture":"#0"},"north":{"uv":[5.25,8.125,5.28125,8.28125],"tintindex":0,"rotation":0,"texture":"#0"},"west":{"uv":[7.75,2.875,8.03125,3.03125],"tintindex":0,"rotation":0,"texture":"#0"},"up":{"uv":[0.53125,8.40625,0.5,8.125],"tintindex":0,"rotation":0,"texture":"#0"},"down":{"uv":[0.65625,8.125,0.625,8.40625],"tintindex":0,"rotation":0,"texture":"#0"}},"rotation":{"origin":[3.4545002,7.0375,5.26249],"angle":-22.5,"axis":"y"}},{"from":[6.9211397,5.6625,6.6202602],"to":[11.92118,6.66254,9.6203],"faces":{"east":{"uv":[5.875,0.375,6.25,0.5],"tintindex":0,"rotation":0,"texture":"#0"},"south":{"uv":[7.125,5.125,7.75,5.25],"tintindex":0,"rotation":0,"texture":"#0"},"north":{"uv":[7.0,6.375,7.625,6.5],"tintindex":0,"rotation":0,"texture":"#0"},"west":{"uv":[5.5,7.625,5.875,7.75],"tintindex":0,"rotation":0,"texture":"#0"},"up":{"uv":[5.375,1.25,4.75,0.875],"tintindex":0,"rotation":0,"texture":"#0"},"down":{"uv":[6.125,1.375,5.5,1.75],"tintindex":0,"rotation":0,"texture":"#0"}}},{"from":[6.42828,5.1625,6.3832197],"to":[12.4283,5.66252,9.88324],"faces":{"east":{"uv":[5.5,7.875,5.9375,7.9375],"tintindex":0,"rotation":0,"texture":"#0"},"south":{"uv":[7.75,0.5,8.5,0.5625],"tintindex":0,"rotation":0,"texture":"#0"},"north":{"uv":[7.75,0.375,8.5,0.4375],"tintindex":0,"rotation":0,"texture":"#0"},"west":{"uv":[6.0,7.875,6.4375,7.9375],"tintindex":0,"rotation":0,"texture":"#0"},"up":{"uv":[5.25,0.4375,4.5,0.0],"tintindex":0,"rotation":0,"texture":"#0"},"down":{"uv":[5.25,3.125,4.5,3.5625],"tintindex":0,"rotation":0,"texture":"#0"}}},{"from":[10.67218,5.4375,7.6187],"to":[12.17226,6.93758,7.86878],"faces":{"east":{"uv":[8.125,2.375,8.15625,2.5625],"tintindex":0,"rotation":0,"texture":"#0"},"south":{"uv":[1.125,7.875,1.3125,8.0625],"tintindex":0,"rotation":0,"texture":"#0"},"north":{"uv":[5.0,7.75,5.1875,7.9375],"tintindex":0,"rotation":0,"texture":"#0"},"west":{"uv":[2.5,8.125,2.53125,8.3125],"tintindex":0,"rotation":0,"texture":"#0"},"up":{"uv":[2.8125,8.15625,2.625,8.125],"tintindex":0,"rotation":0,"texture":"#0"},"down":{"uv":[8.3125,2.625,8.125,2.65625],"tintindex":0,"rotation":0,"texture":"#0"}}}],"display":{"gui":{"rotation":[-150.0,-45.0,180.0]}}}