{"textures":{"0":"modelengine:entity/samurai","particle":"#0"},"elements":[{"from":[5.8719997,6.25,5.1603003],"to":[7.37266,9.75066,7.91096],"faces":{"east":{"uv":[4.0,6.5,4.34375,6.9375],"tintindex":0,"rotation":0,"texture":"#0"},"south":{"uv":[2.125,7.375,2.3125,7.8125],"tintindex":0,"rotation":0,"texture":"#0"},"north":{"uv":[7.375,2.0,7.5625,2.4375],"tintindex":0,"rotation":0,"texture":"#0"},"west":{"uv":[6.5,4.625,6.84375,5.0625],"tintindex":0,"rotation":0,"texture":"#0"},"up":{"uv":[7.6875,4.34375,7.5,4.0],"tintindex":0,"rotation":0,"texture":"#0"},"down":{"uv":[4.3125,7.5,4.125,7.84375],"tintindex":0,"rotation":0,"texture":"#0"}},"rotation":{"origin":[8.0,8.0,7.9206],"angle":-22.5,"axis":"x"}},{"from":[5.875,6.25,8.0103],"to":[7.3757,9.7507,10.761],"faces":{"east":{"uv":[6.5,5.125,6.84375,5.5625],"tintindex":0,"rotation":0,"texture":"#0"},"south":{"uv":[5.25,7.375,5.4375,7.8125],"tintindex":0,"rotation":0,"texture":"#0"},"north":{"uv":[3.75,7.375,3.9375,7.8125],"tintindex":0,"rotation":0,"texture":"#0"},"west":{"uv":[5.25,6.5,5.59375,6.9375],"tintindex":0,"rotation":0,"texture":"#0"},"up":{"uv":[4.5625,7.84375,4.375,7.5],"tintindex":0,"rotation":0,"texture":"#0"},"down":{"uv":[7.6875,4.375,7.5,4.71875],"tintindex":0,"rotation":0,"texture":"#0"}},"rotation":{"origin":[8.0,8.0,8.0],"angle":22.5,"axis":"x"}},{"from":[5.869,3.3250008,6.2103],"to":[7.36968,9.82568,9.710979],"faces":{"east":{"uv":[4.5,2.25,4.9375,3.0625],"tintindex":0,"rotation":0,"texture":"#0"},"south":{"uv":[5.0,6.25,5.1875,7.0625],"tintindex":0,"rotation":0,"texture":"#0"},"north":{"uv":[4.75,6.25,4.9375,7.0625],"tintindex":0,"rotation":0,"texture":"#0"},"west":{"uv":[2.375,4.5,2.8125,5.3125],"tintindex":0,"rotation":0,"texture":"#0"},"up":{"uv":[2.5625,7.8125,2.375,7.375],"tintindex":0,"rotation":0,"texture":"#0"},"down":{"uv":[3.6875,7.375,3.5,7.8125],"tintindex":0,"rotation":0,"texture":"#0"}}},{"from":[5.875,6.25,8.0103],"to":[7.37564,9.750641,10.760941],"faces":{"east":{"uv":[2.875,6.5,3.21875,6.9375],"tintindex":0,"rotation":0,"texture":"#0"},"south":{"uv":[1.875,7.375,2.0625,7.8125],"tintindex":0,"rotation":0,"texture":"#0"},"north":{"uv":[1.625,7.375,1.8125,7.8125],"tintindex":0,"rotation":0,"texture":"#0"},"west":{"uv":[3.25,6.5,3.59375,6.9375],"tintindex":0,"rotation":0,"texture":"#0"},"up":{"uv":[7.6875,3.34375,7.5,3.0],"tintindex":0,"rotation":0,"texture":"#0"},"down":{"uv":[7.6875,3.375,7.5,3.71875],"tintindex":0,"rotation":0,"texture":"#0"}},"rotation":{"origin":[8.0,8.0,8.0],"angle":22.5,"axis":"x"}}],"display":{"gui":{"rotation":[-150.0,-45.0,180.0]}}}