{"textures":{"0":"modelengine:entity/samurai","particle":"#0"},"elements":[{"from":[5.8719997,4.6500006,5.1603003],"to":[7.3726,8.1506,7.9109],"faces":{"east":{"uv":[1.25,6.375,1.59375,6.8125],"tintindex":0,"rotation":0,"texture":"#0"},"south":{"uv":[7.25,0.5,7.4375,0.9375],"tintindex":0,"rotation":0,"texture":"#0"},"north":{"uv":[5.625,7.125,5.8125,7.5625],"tintindex":0,"rotation":0,"texture":"#0"},"west":{"uv":[6.375,3.5,6.71875,3.9375],"tintindex":0,"rotation":0,"texture":"#0"},"up":{"uv":[7.6875,1.21875,7.5,0.875],"tintindex":0,"rotation":0,"texture":"#0"},"down":{"uv":[1.4375,7.5,1.25,7.84375],"tintindex":0,"rotation":0,"texture":"#0"}},"rotation":{"origin":[8.0,6.4000006,7.9206],"angle":-22.5,"axis":"x"}},{"from":[5.875,4.6500006,8.0103],"to":[7.37558,8.15058,10.7608795],"faces":{"east":{"uv":[6.5,1.625,6.84375,2.0625],"tintindex":0,"rotation":0,"texture":"#0"},"south":{"uv":[1.0,7.375,1.1875,7.8125],"tintindex":0,"rotation":0,"texture":"#0"},"north":{"uv":[0.75,7.375,0.9375,7.8125],"tintindex":0,"rotation":0,"texture":"#0"},"west":{"uv":[6.5,2.125,6.84375,2.5625],"tintindex":0,"rotation":0,"texture":"#0"},"up":{"uv":[7.6875,1.96875,7.5,1.625],"tintindex":0,"rotation":0,"texture":"#0"},"down":{"uv":[7.6875,2.625,7.5,2.96875],"tintindex":0,"rotation":0,"texture":"#0"}},"rotation":{"origin":[8.0,6.4000006,8.0],"angle":22.5,"axis":"x"}},{"from":[5.869,1.7250004,6.2103],"to":[7.36962,8.22562,9.71092],"faces":{"east":{"uv":[0.0,4.375,0.4375,5.1875],"tintindex":0,"rotation":0,"texture":"#0"},"south":{"uv":[4.5,6.25,4.6875,7.0625],"tintindex":0,"rotation":0,"texture":"#0"},"north":{"uv":[2.625,6.25,2.8125,7.0625],"tintindex":0,"rotation":0,"texture":"#0"},"west":{"uv":[1.875,4.5,2.3125,5.3125],"tintindex":0,"rotation":0,"texture":"#0"},"up":{"uv":[7.4375,1.4375,7.25,1.0],"tintindex":0,"rotation":0,"texture":"#0"},"down":{"uv":[7.4375,3.0,7.25,3.4375],"tintindex":0,"rotation":0,"texture":"#0"}}},{"from":[5.875,4.6500006,8.0103],"to":[7.3755,8.1505,10.760799],"faces":{"east":{"uv":[2.875,3.75,3.21875,4.1875],"tintindex":0,"rotation":0,"texture":"#0"},"south":{"uv":[2.625,7.125,2.8125,7.5625],"tintindex":0,"rotation":0,"texture":"#0"},"north":{"uv":[4.125,7.0,4.3125,7.4375],"tintindex":0,"rotation":0,"texture":"#0"},"west":{"uv":[3.5,4.25,3.84375,4.6875],"tintindex":0,"rotation":0,"texture":"#0"},"up":{"uv":[6.8125,7.71875,6.625,7.375],"tintindex":0,"rotation":0,"texture":"#0"},"down":{"uv":[7.6875,0.5,7.5,0.84375],"tintindex":0,"rotation":0,"texture":"#0"}},"rotation":{"origin":[8.0,6.4000006,8.0],"angle":22.5,"axis":"x"}}],"display":{"gui":{"rotation":[-150.0,-45.0,180.0]}}}