{"textures":{"0":"modelengine:entity/samurai","particle":"#0"},"elements":[{"from":[6.78284,5.8196297,7.19354],"to":[9.28284,8.31963,9.69354],"faces":{"east":{"uv":[7.0,6.0,7.3125,6.3125],"tintindex":0,"rotation":0,"texture":"#0"},"south":{"uv":[7.0,6.75,7.3125,7.0625],"tintindex":0,"rotation":0,"texture":"#0"},"north":{"uv":[7.0,5.625,7.3125,5.9375],"tintindex":0,"rotation":0,"texture":"#0"},"west":{"uv":[0.0,7.125,0.3125,7.4375],"tintindex":0,"rotation":0,"texture":"#0"},"up":{"uv":[7.4375,1.9375,7.125,1.625],"tintindex":0,"rotation":0,"texture":"#0"},"down":{"uv":[7.4375,2.625,7.125,2.9375],"tintindex":0,"rotation":0,"texture":"#0"}},"rotation":{"origin":[1.5328398,5.8196297,5.76476],"angle":45.0,"axis":"x"}},{"from":[6.75024,4.44728,7.69701],"to":[9.25024,10.94728,8.69701],"faces":{"east":{"uv":[0.625,7.0,0.75,7.8125],"tintindex":0,"rotation":0,"texture":"#0"},"south":{"uv":[0.0,5.25,0.3125,6.0625],"tintindex":0,"rotation":0,"texture":"#0"},"north":{"uv":[1.25,5.125,1.5625,5.9375],"tintindex":0,"rotation":0,"texture":"#0"},"west":{"uv":[2.875,7.0,3.0,7.8125],"tintindex":0,"rotation":0,"texture":"#0"},"up":{"uv":[8.0625,5.25,7.75,5.125],"tintindex":0,"rotation":0,"texture":"#0"},"down":{"uv":[8.0625,5.25,7.75,5.375],"tintindex":0,"rotation":0,"texture":"#0"}},"rotation":{"origin":[7.99967,8.694449,8.5428295],"angle":-22.5,"axis":"x"}},{"from":[6.75034,4.80933,6.77506],"to":[9.2507,9.0596895,8.52542],"faces":{"east":{"uv":[1.25,6.875,1.46875,7.40625],"tintindex":0,"rotation":0,"texture":"#0"},"south":{"uv":[0.0,6.125,0.3125,6.65625],"tintindex":0,"rotation":0,"texture":"#0"},"north":{"uv":[2.875,5.875,3.1875,6.40625],"tintindex":0,"rotation":0,"texture":"#0"},"west":{"uv":[6.875,1.625,7.09375,2.15625],"tintindex":0,"rotation":0,"texture":"#0"},"up":{"uv":[7.6875,6.96875,7.375,6.75],"tintindex":0,"rotation":0,"texture":"#0"},"down":{"uv":[7.6875,7.0,7.375,7.21875],"tintindex":0,"rotation":0,"texture":"#0"}}}],"display":{"gui":{"rotation":[-150.0,-45.0,180.0]}}}