{"textures":{"0":"modelengine:entity/samurai","particle":"#0"},"elements":[{"from":[6.75056,4.80933,7.47494],"to":[9.25104,9.05981,9.22542],"faces":{"east":{"uv":[6.875,4.625,7.09375,5.15625],"tintindex":0,"rotation":0,"texture":"#0"},"south":{"uv":[6.125,2.25,6.4375,2.78125],"tintindex":0,"rotation":0,"texture":"#0"},"north":{"uv":[6.125,1.625,6.4375,2.15625],"tintindex":0,"rotation":0,"texture":"#0"},"west":{"uv":[5.875,6.875,6.09375,7.40625],"tintindex":0,"rotation":0,"texture":"#0"},"up":{"uv":[7.6875,7.46875,7.375,7.25],"tintindex":0,"rotation":0,"texture":"#0"},"down":{"uv":[0.3125,7.5,0.0,7.71875],"tintindex":0,"rotation":0,"texture":"#0"}}},{"from":[6.7502203,4.44728,7.30299],"to":[9.25068,11.19774,8.30345],"faces":{"east":{"uv":[3.625,6.5,3.75,7.34375],"tintindex":0,"rotation":0,"texture":"#0"},"south":{"uv":[2.875,5.0,3.1875,5.84375],"tintindex":0,"rotation":0,"texture":"#0"},"north":{"uv":[4.125,4.75,4.4375,5.59375],"tintindex":0,"rotation":0,"texture":"#0"},"west":{"uv":[4.375,6.5,4.5,7.34375],"tintindex":0,"rotation":0,"texture":"#0"},"up":{"uv":[7.3125,7.875,7.0,7.75],"tintindex":0,"rotation":0,"texture":"#0"},"down":{"uv":[8.0625,7.0,7.75,7.125],"tintindex":0,"rotation":0,"texture":"#0"}},"rotation":{"origin":[7.9998903,8.694449,7.45717],"angle":22.5,"axis":"x"}},{"from":[6.78306,5.8196297,6.3064604],"to":[9.28344,8.32001,8.80684],"faces":{"east":{"uv":[4.5,7.125,4.8125,7.4375],"tintindex":0,"rotation":0,"texture":"#0"},"south":{"uv":[7.125,4.75,7.4375,5.0625],"tintindex":0,"rotation":0,"texture":"#0"},"north":{"uv":[7.125,4.375,7.4375,4.6875],"tintindex":0,"rotation":0,"texture":"#0"},"west":{"uv":[4.875,7.125,5.1875,7.4375],"tintindex":0,"rotation":0,"texture":"#0"},"up":{"uv":[6.4375,7.4375,6.125,7.125],"tintindex":0,"rotation":0,"texture":"#0"},"down":{"uv":[7.3125,7.125,7.0,7.4375],"tintindex":0,"rotation":0,"texture":"#0"}},"rotation":{"origin":[1.5330601,5.8196297,10.23524],"angle":-45.0,"axis":"x"}}],"display":{"gui":{"rotation":[-150.0,-45.0,180.0]}}}