{"textures":{"0":"modelengine:entity/samurai","particle":"#0"},"elements":[{"from":[11.47171,15.040619,5.79305],"to":[11.97171,16.29062,6.29305],"faces":{"east":{"uv":[0.125,8.125,0.1875,8.28125],"tintindex":0,"rotation":0,"texture":"#0"},"south":{"uv":[0.25,8.125,0.3125,8.28125],"tintindex":0,"rotation":0,"texture":"#0"},"north":{"uv":[0.0,8.125,0.0625,8.28125],"tintindex":0,"rotation":0,"texture":"#0"},"west":{"uv":[0.375,8.125,0.4375,8.28125],"tintindex":0,"rotation":0,"texture":"#0"},"up":{"uv":[8.3125,1.5625,8.25,1.5],"tintindex":0,"rotation":0,"texture":"#0"},"down":{"uv":[1.6875,8.25,1.625,8.3125],"tintindex":0,"rotation":0,"texture":"#0"}},"rotation":{"origin":[15.09771,14.280619,9.04305],"angle":22.5,"axis":"x"}},{"from":[11.47241,14.648119,9.72857],"to":[11.97241,15.148119,10.22857],"faces":{"east":{"uv":[8.25,1.125,8.3125,1.1875],"tintindex":0,"rotation":0,"texture":"#0"},"south":{"uv":[1.25,8.25,1.3125,8.3125],"tintindex":0,"rotation":0,"texture":"#0"},"north":{"uv":[1.125,8.25,1.1875,8.3125],"tintindex":0,"rotation":0,"texture":"#0"},"west":{"uv":[8.25,1.25,8.3125,1.3125],"tintindex":0,"rotation":0,"texture":"#0"},"up":{"uv":[1.4375,8.3125,1.375,8.25],"tintindex":0,"rotation":0,"texture":"#0"},"down":{"uv":[1.5625,8.25,1.5,8.3125],"tintindex":0,"rotation":0,"texture":"#0"}},"rotation":{"origin":[15.09771,17.648119,10.73857],"angle":22.5,"axis":"x"}},{"from":[11.47171,14.055059,7.90036],"to":[11.97171,14.805059,9.15036],"faces":{"east":{"uv":[2.875,8.0,3.03125,8.09375],"tintindex":0,"rotation":0,"texture":"#0"},"south":{"uv":[4.875,8.125,4.9375,8.21875],"tintindex":0,"rotation":0,"texture":"#0"},"north":{"uv":[8.125,4.75,8.1875,4.84375],"tintindex":0,"rotation":0,"texture":"#0"},"west":{"uv":[3.125,8.0,3.28125,8.09375],"tintindex":0,"rotation":0,"texture":"#0"},"up":{"uv":[7.6875,8.15625,7.625,8.0],"tintindex":0,"rotation":0,"texture":"#0"},"down":{"uv":[7.8125,8.0,7.75,8.15625],"tintindex":0,"rotation":0,"texture":"#0"}},"rotation":{"origin":[15.09771,17.30506,9.91036],"angle":22.5,"axis":"x"}},{"from":[11.472111,15.115089,6.56777],"to":[11.972111,15.615089,7.81777],"faces":{"east":{"uv":[6.875,8.0,7.03125,8.0625],"tintindex":0,"rotation":0,"texture":"#0"},"south":{"uv":[8.25,1.0,8.3125,1.0625],"tintindex":0,"rotation":0,"texture":"#0"},"north":{"uv":[1.0,8.25,1.0625,8.3125],"tintindex":0,"rotation":0,"texture":"#0"},"west":{"uv":[7.125,8.0,7.28125,8.0625],"tintindex":0,"rotation":0,"texture":"#0"},"up":{"uv":[7.4375,8.15625,7.375,8.0],"tintindex":0,"rotation":0,"texture":"#0"},"down":{"uv":[7.5625,8.0,7.5,8.15625],"tintindex":0,"rotation":0,"texture":"#0"}},"rotation":{"origin":[15.09771,18.365088,8.57777],"angle":-22.5,"axis":"x"}},{"from":[11.472111,16.37322,6.8530903],"to":[11.972111,17.62322,7.60309],"faces":{"east":{"uv":[2.25,3.375,2.34375,3.53125],"tintindex":0,"rotation":0,"texture":"#0"},"south":{"uv":[8.0,7.875,8.0625,8.03125],"tintindex":0,"rotation":0,"texture":"#0"},"north":{"uv":[7.875,8.0,7.9375,8.15625],"tintindex":0,"rotation":0,"texture":"#0"},"west":{"uv":[4.0,0.5,4.09375,0.65625],"tintindex":0,"rotation":0,"texture":"#0"},"up":{"uv":[8.1875,4.96875,8.125,4.875],"tintindex":0,"rotation":0,"texture":"#0"},"down":{"uv":[8.1875,5.125,8.125,5.21875],"tintindex":0,"rotation":0,"texture":"#0"}},"rotation":{"origin":[15.09771,15.613218,10.10309],"angle":-22.5,"axis":"x"}},{"from":[11.472111,15.788488,8.63514],"to":[11.972111,16.288488,9.13514],"faces":{"east":{"uv":[1.75,8.25,1.8125,8.3125],"tintindex":0,"rotation":0,"texture":"#0"},"south":{"uv":[8.25,1.75,8.3125,1.8125],"tintindex":0,"rotation":0,"texture":"#0"},"north":{"uv":[8.25,1.625,8.3125,1.6875],"tintindex":0,"rotation":0,"texture":"#0"},"west":{"uv":[1.875,8.25,1.9375,8.3125],"tintindex":0,"rotation":0,"texture":"#0"},"up":{"uv":[8.3125,1.9375,8.25,1.875],"tintindex":0,"rotation":0,"texture":"#0"},"down":{"uv":[2.0625,8.25,2.0,8.3125],"tintindex":0,"rotation":0,"texture":"#0"}},"rotation":{"origin":[15.09741,18.788488,9.64514],"angle":45.0,"axis":"x"}}],"display":{"gui":{"rotation":[-150.0,-45.0,180.0]}}}