{"textures":{"0":"modelengine:entity/samurai","particle":"#0"},"elements":[{"from":[11.47241,13.490089,6.76777],"to":[11.97241,14.990089,7.26777],"faces":{"east":{"uv":[6.5,8.0,6.5625,8.1875],"tintindex":0,"rotation":0,"texture":"#0"},"south":{"uv":[6.625,8.0,6.6875,8.1875],"tintindex":0,"rotation":0,"texture":"#0"},"north":{"uv":[6.375,8.0,6.4375,8.1875],"tintindex":0,"rotation":0,"texture":"#0"},"west":{"uv":[6.75,8.0,6.8125,8.1875],"tintindex":0,"rotation":0,"texture":"#0"},"up":{"uv":[8.1875,8.1875,8.125,8.125],"tintindex":0,"rotation":0,"texture":"#0"},"down":{"uv":[8.3125,0.0,8.25,0.0625],"tintindex":0,"rotation":0,"texture":"#0"}}},{"from":[11.47241,13.490089,8.66801],"to":[11.97241,14.990089,9.16801],"faces":{"east":{"uv":[8.0,6.0,8.0625,6.1875],"tintindex":0,"rotation":0,"texture":"#0"},"south":{"uv":[6.125,8.0,6.1875,8.1875],"tintindex":0,"rotation":0,"texture":"#0"},"north":{"uv":[6.0,8.0,6.0625,8.1875],"tintindex":0,"rotation":0,"texture":"#0"},"west":{"uv":[6.25,8.0,6.3125,8.1875],"tintindex":0,"rotation":0,"texture":"#0"},"up":{"uv":[8.1875,7.3125,8.125,7.25],"tintindex":0,"rotation":0,"texture":"#0"},"down":{"uv":[8.1875,7.375,8.125,7.4375],"tintindex":0,"rotation":0,"texture":"#0"}}},{"from":[11.47271,13.87764,9.73967],"to":[11.97271,14.37764,10.73967],"faces":{"east":{"uv":[8.125,1.5,8.25,1.5625],"tintindex":0,"rotation":0,"texture":"#0"},"south":{"uv":[8.125,7.875,8.1875,7.9375],"tintindex":0,"rotation":0,"texture":"#0"},"north":{"uv":[8.125,7.75,8.1875,7.8125],"tintindex":0,"rotation":0,"texture":"#0"},"west":{"uv":[1.625,8.125,1.75,8.1875],"tintindex":0,"rotation":0,"texture":"#0"},"up":{"uv":[1.8125,8.25,1.75,8.125],"tintindex":0,"rotation":0,"texture":"#0"},"down":{"uv":[1.9375,8.125,1.875,8.25],"tintindex":0,"rotation":0,"texture":"#0"}},"rotation":{"origin":[15.09741,16.377638,8.22967],"angle":22.5,"axis":"x"}},{"from":[11.47271,13.759998,8.01759],"to":[11.97271,14.259998,9.01759],"faces":{"east":{"uv":[1.125,8.125,1.25,8.1875],"tintindex":0,"rotation":0,"texture":"#0"},"south":{"uv":[7.25,8.125,7.3125,8.1875],"tintindex":0,"rotation":0,"texture":"#0"},"north":{"uv":[8.125,7.125,8.1875,7.1875],"tintindex":0,"rotation":0,"texture":"#0"},"west":{"uv":[1.25,8.125,1.375,8.1875],"tintindex":0,"rotation":0,"texture":"#0"},"up":{"uv":[1.4375,8.25,1.375,8.125],"tintindex":0,"rotation":0,"texture":"#0"},"down":{"uv":[1.5625,8.125,1.5,8.25],"tintindex":0,"rotation":0,"texture":"#0"}},"rotation":{"origin":[15.09771,16.26,6.5075903],"angle":-22.5,"axis":"x"}},{"from":[11.47271,13.759998,6.91819],"to":[11.97271,14.259998,7.91819],"faces":{"east":{"uv":[8.125,1.875,8.25,1.9375],"tintindex":0,"rotation":0,"texture":"#0"},"south":{"uv":[8.125,8.0,8.1875,8.0625],"tintindex":0,"rotation":0,"texture":"#0"},"north":{"uv":[8.0,8.125,8.0625,8.1875],"tintindex":0,"rotation":0,"texture":"#0"},"west":{"uv":[2.0,8.125,2.125,8.1875],"tintindex":0,"rotation":0,"texture":"#0"},"up":{"uv":[8.1875,2.125,8.125,2.0],"tintindex":0,"rotation":0,"texture":"#0"},"down":{"uv":[2.1875,8.125,2.125,8.25],"tintindex":0,"rotation":0,"texture":"#0"}},"rotation":{"origin":[15.09771,16.26,9.42819],"angle":22.5,"axis":"x"}},{"from":[11.47271,13.87764,5.19611],"to":[11.97271,14.37764,6.19611],"faces":{"east":{"uv":[8.125,2.125,8.25,2.1875],"tintindex":0,"rotation":0,"texture":"#0"},"south":{"uv":[8.25,0.875,8.3125,0.9375],"tintindex":0,"rotation":0,"texture":"#0"},"north":{"uv":[8.25,0.25,8.3125,0.3125],"tintindex":0,"rotation":0,"texture":"#0"},"west":{"uv":[2.25,8.125,2.375,8.1875],"tintindex":0,"rotation":0,"texture":"#0"},"up":{"uv":[8.1875,2.375,8.125,2.25],"tintindex":0,"rotation":0,"texture":"#0"},"down":{"uv":[2.4375,8.125,2.375,8.25],"tintindex":0,"rotation":0,"texture":"#0"}},"rotation":{"origin":[15.09741,16.377638,7.70611],"angle":-22.5,"axis":"x"}}],"display":{"gui":{"rotation":[-150.0,-45.0,180.0]}}}