{"textures":{"2":"modelengine:entity/bubble_coral_block","particle":"#2"},"elements":[{"from":[4.26563,10.25,6.11719],"to":[11.73438,12.042969,9.88281],"faces":{"east":{"uv":[0.0,0.0,7.09536,12.4326],"tintindex":0,"rotation":0,"texture":"#2"},"south":{"uv":[0.0,0.0,15.41406,12.4326],"tintindex":0,"rotation":0,"texture":"#2"},"north":{"uv":[0.0,0.0,15.41406,12.4326],"tintindex":0,"rotation":0,"texture":"#2"},"west":{"uv":[0.0,0.0,7.09536,12.4326],"tintindex":0,"rotation":0,"texture":"#2"},"up":{"uv":[0.0,0.0,15.41406,15.49219],"tintindex":0,"rotation":0,"texture":"#2"},"down":{"uv":[0.0,0.0,15.41406,15.49219],"tintindex":0,"rotation":0,"texture":"#2"}}},{"from":[5.2695303,8.0,6.375],"to":[10.73047,10.609369,9.625],"faces":{"east":{"uv":[0.0,0.0,7.09536,12.4326],"tintindex":0,"rotation":0,"texture":"#2"},"south":{"uv":[0.0,0.0,15.41406,12.4326],"tintindex":0,"rotation":0,"texture":"#2"},"north":{"uv":[0.0,0.0,15.41406,12.4326],"tintindex":0,"rotation":0,"texture":"#2"},"west":{"uv":[0.0,0.0,7.09536,12.4326],"tintindex":0,"rotation":0,"texture":"#2"},"up":{"uv":[0.0,0.0,15.41406,15.49219],"tintindex":0,"rotation":0,"texture":"#2"},"down":{"uv":[0.0,0.0,15.41406,15.49219],"tintindex":0,"rotation":0,"texture":"#2"}}}],"display":{"gui":{"rotation":[-150.0,-45.0,180.0]}}}